{"appName":"Battani Store ","appIconPath":"20250706_153229.png","splashPath":"20250706_153229.png","packageName":"com.Battanistore.battanistore","versionName":"1.0.0","versionCode":1,"isFullscreen":true,"isHideTitleBar":true,"titleBarBackgroundColor":"#3F51B5","isAllowLongClick":true,"isShowLoadingUI":true,"isAllowZoom":false,"isPCMode":false,"isAllowAutoplay":false,"homePage":"user.html","withPHPEnv":false,"PHPPort":57249,"isAllowSwipeRefresh":false,"isAllowCamera":false,"isAllowMicrophone":false,"screenRotationMethod":1}